,Symbol In SET100 Constituent,Company Name,Unnamed: 0,symbol,exchange,industry,sector,name
0,AAV,ASIA AVIATION,AAV,AAV,SET,Services,Transportation & Logistics,ASIA AVIATION PUBLIC COMPANY LIMITED
1,ADVANC,ADVANCED INFO SER.,ADVANC,ADVANC,SET,Technology,Information & Communication Technology,ADVANCED INFO SERVICE PUBLIC COMPANY LIMITED
2,AEONTS,AE.THANA SINSAP (THAI.),AEONTS,AEONTS,SET,Financials,Finance & Securities,AEON THANA SINSAP (THAILAND) PUBLIC COMPANY LIMITED
3,AMATA,AMATA,AMATA,AMATA,SET,Property & Construction,Property Development,AMATA CORPORATION PUBLIC COMPANY LIMITED
4,ANAN,ANANDA DEVELOPMENT,ANAN,ANAN,SET,Property & Construction,Property Development,ANANDA DEVELOPMENT PUBLIC COMPANY LIMITED
5,AOT,AIRPORTS OF THAILAND,AOT,AOT,SET,Services,Transportation & Logistics,AIRPORTS OF THAILAND PUBLIC COMPANY LIMITED
6,AP,AP (THAILAND),AP,AP,SET,Property & Construction,Property Development,AP (THAILAND) PUBLIC COMPANY LIMITED
7,ASP,ASIA PLUS GROUP HDG.,ASP,ASP,SET,Financials,Finance & Securities,ASIA PLUS GROUP HOLDINGS PUBLIC COMPANY LIMITED
8,AWC,ASSET WORLD,AWC,AWC,SET,Property & Construction,Property Development,ASSET WORLD CORP PUBLIC COMPANY LIMITED
9,BA,BANGKOK AIRWAY,BA,BA,SET,Services,Transportation & Logistics,BANGKOK AIRWAYS PUBLIC COMPANY LIMITED
10,BANPU,BANPU,BANPU,BANPU,SET,Resources,Energy & Utilities,BANPU PUBLIC COMPANY LIMITED
11,BAY,BANK OF AYUDHYA,BAY,BAY,SET,Financials,Banking,BANK OF AYUDHYA PUBLIC COMPANY LIMITED
12,BBL,BANGKOK BANK,BBL,BBL,SET,Financials,Banking,BANGKOK BANK PUBLIC COMPANY LIMITED
13,BCH,BANGKOK CHAIN HOSPITAL,BCH,BCH,SET,Services,Health Care Services,BANGKOK CHAIN HOSPITAL PUBLIC COMPANY LIMITED
14,BCP,BANGCHAK CORPORATION ORS,BCP,BCP,SET,Resources,Energy & Utilities,BANGCHAK CORPORATION PUBLIC COMPANY LIMITED
15,BCPG,BCPG,BCPG,BCPG,SET,Resources,Energy & Utilities,BCPG PUBLIC COMPANY LIMITED
16,BDMS,BANGKOK DUSIT MED.SVS.,BDMS,BDMS,SET,Services,Health Care Services,BANGKOK DUSIT MEDICAL SERVICES PUBLIC COMPANY LIMITED
17,BEAUTY,BEAUTY COMMUNITY,BEAUTY,BEAUTY,SET,Services,Commerce,BEAUTY COMMUNITY PUBLIC COMPANY LIMITED
18,BEC,BEC WORLD,BEC,BEC,SET,Services,Media & Publishing,BEC WORLD PUBLIC COMPANY LIMITED
19,BECL,BANGKOK EXPRESSWAY DEAD - DELIST.31/12/15,BECL,BECL,SET,Services,Transportation & Logistics,BANGKOK EXPRESSWAY DEAD - DELIST.31/12/15 Become BEM. Merge with BMCL. BECL.BK^L15 Delisted
20,BEM,BANGKOK EXPRESSWAY AND METRO,BEM,BEM,SET,Services,Transportation & Logistics,BANGKOK EXPRESSWAY AND METRO  PUBLIC COMPANY LIMITED
21,BGRIM,B GRIMM POWER,BGRIM,BGRIM,SET,Resources,Energy & Utilities,B.GRIMM POWER PUBLIC COMPANY LIMITED
22,BH,BUMRUNGRAD HOSPITAL,BH,BH,SET,Services,Health Care Services,BUMRUNGRAD HOSPITAL PUBLIC COMPANY LIMITED
23,BIG,BIG CAMERA,BIG,BIG,SET,Services,Commerce,BIG CAMERA CORPORATION PUBLIC COMPANY LIMITED
24,BIGC,BIG C SUPERCENTER DEAD - DELIST.28/09/17,BIGC,BIGC,SET,Services,Commerce,BIG C SUPERCENTER DEAD - DELIST.28/09/17 Acquired by Thai Charoen Corp Group.	BIGC.BK^I17 Delisted
25,BJC,BERLI JUCKER,BJC,BJC,SET,Services,Commerce,BERLI JUCKER PUBLIC COMPANY LIMITED
26,BJCHI,BJC HEAVY INDUSTRIES,BJCHI,BJCHI,SET,Property & Construction,Construction Services,BJC HEAVY INDUSTRIES PUBLIC COMPANY LIMITED
27,BLA,BANGKOK LIFE ASSURANCE,BLA,BLA,SET,Financials,Insurance,BANGKOK LIFE ASSURANCE PUBLIC COMPANY LIMITED
28,BLAND,BANGKOK LAND,BLAND,BLAND,SET,Property & Construction,Property Development,BANGKOK LAND PUBLIC COMPANY LIMITED
29,BMCL,BANGKOK METRO DEAD - DELIST.31/12/15,BMCL,BMCL,SET,Services,Transportation & Logistics,BANGKOK METRO DEAD - DELIST.31/12/15 Become BEM. Merge with BECL. BMCL.BK^L15 Delisted
30,BPP,BANPU POWER,BPP,BPP,SET,Resources,Energy & Utilities,BANPU POWER PUBLIC COMPANY LIMITED
31,BTS,BTS GROUP HDG.,BTS,BTS,SET,Services,Transportation & Logistics,BTS GROUP HOLDINGS PUBLIC COMPANY LIMITED
32,CBG,CARABAO GROUP,CBG,CBG,SET,Agro & Food Industry,Food & Beverage,CARABAO GROUP PUBLIC COMPANY LIMITED
33,CENTEL,CENTRAL PLAZA HOTEL,CENTEL,CENTEL,SET,Services,Tourism & Leisure,CENTRAL PLAZA HOTEL PUBLIC COMPANY LIMITED
34,CHG,CHULARAT HOSPITAL,CHG,CHG,SET,Services,Health Care Services,CHULARAT HOSPITAL PUBLIC COMPANY LIMITED
35,CK,CH KARNCHANG,CK,CK,SET,Property & Construction,Construction Services,CH. KARNCHANG PUBLIC COMPANY LIMITED
36,CKP,CK POWER,CKP,CKP,SET,Resources,Energy & Utilities,CK POWER PUBLIC COMPANY LIMITED
37,COM7,COM7,COM7,COM7,SET,Services,Commerce,COM7 PUBLIC COMPANY LIMITED
38,CPALL,CP ALL,CPALL,CPALL,SET,Services,Commerce,CP ALL PUBLIC COMPANY LIMITED
39,CPF,CHAROEN POKPHAND FOODS,CPF,CPF,SET,Agro & Food Industry,Food & Beverage,CHAROEN POKPHAND FOODS PUBLIC COMPANY LIMITED
40,CPN,CENTRAL PATTANA,CPN,CPN,SET,Property & Construction,Property Development,CENTRAL PATTANA PUBLIC COMPANY LIMITED
41,DELTA,DELTA ELECTRONICS,DELTA,DELTA,SET,Technology,Electronic Components,DELTA ELECTRONICS (THAILAND) PUBLIC COMPANY LIMITED
42,DEMCO,DEMCO,DEMCO,DEMCO,SET,Resources,Energy & Utilities,DEMCO PUBLIC COMPANY LIMITED
43,DTAC,TOTAL ACCESS COMMS.,DTAC,DTAC,SET,Technology,Information & Communication Technology,TOTAL ACCESS COMMUNICATION PUBLIC COMPANY LIMITED
44,EA,ENERGY ABSOLUTE,EA,EA,SET,Resources,Energy & Utilities,ENERGY ABSOLUTE PUBLIC COMPANY LIMITED
45,EARTH,ENERGY EARTH DEAD - DELIST.19/09/19,EARTH,EARTH,SET,Resources,Energy & Utilities,ENERGY EARTH DEAD - DELIST.19/09/19 Delisted Sept 2019. EARTH.BK^I19 Delisted
46,EGCO,ELECTRICITY GENERATING,EGCO,EGCO,SET,Resources,Energy & Utilities,ELECTRICITY GENERATING PUBLIC COMPANY LIMITED
47,EPG,EASTERN POLYMER GROUP,EPG,EPG,SET,Property & Construction,Construction Materials,EASTERN POLYMER GROUP PUBLIC COMPANY LIMITED
48,ERW,ERAWAN GROUP,ERW,ERW,SET,Services,Tourism & Leisure,THE ERAWAN GROUP PUBLIC COMPANY LIMITED
49,ESSO,ESSO THAILAND,ESSO,ESSO,SET,Resources,Energy & Utilities,ESSO (THAILAND) PUBLIC COMPANY LIMITED
50,GFPT,GFPT,GFPT,GFPT,SET,Agro & Food Industry,Agribusiness,GFPT PUBLIC COMPANY LIMITED
51,GGC,GLOBAL GREEN CHEMICALS,GGC,GGC,SET,Industrials,Petrochemicals & Chemicals,GLOBAL GREEN CHEMICALS PUBLIC COMPANY LIMITED
52,GL,GROUP LEASE SUSP - SUSP.17/11/20,GL,GL,SET,Financials,Finance & Securities,GROUP LEASE PUBLIC COMPANY LIMITED
53,GLOBAL,SIAM GLOBAL HOUSE,GLOBAL,GLOBAL,SET,Services,Commerce,SIAM GLOBAL HOUSE PUBLIC COMPANY LIMITED
54,GLOW,GLOW ENERGY DEAD - DELETE.13/12/19,GLOW,GLOW,SET,Resources,Energy & Utilities,GLOW ENERGY DEAD - DELETE.13/12/19 Become subsidary of GPSC. GLOW.BK^L19 Delisted
55,GOLD,GOLDEN LAND PR.DEV. DEAD - DELIST.10/08/20,GOLD,GOLD,SET,Property & Construction,Property Development,GOLDEN LAND PR.DEV. DEAD - DELIST.10/08/20 Delisted Aug 2020 become part of FPT. GOLD.BK^H20 Delisted
56,GPSC,GLOBAL POWER SYNERGY,GPSC,GPSC,SET,Resources,Energy & Utilities,GLOBAL POWER SYNERGY PUBLIC COMPANY LIMITED
57,GULF,GULF ENERGY DEVELOPMENT,GULF,GULF,SET,Resources,Energy & Utilities,GULF ENERGY DEVELOPMENT PUBLIC COMPANY LIMITED
58,GUNKUL,GUNKUL ENGINEERING,GUNKUL,GUNKUL,SET,Resources,Energy & Utilities,GUNKUL ENGINEERING PUBLIC COMPANY LIMITED
59,HANA,HANA MICROELECTRONICS,HANA,HANA,SET,Technology,Electronic Components,HANA MICROELECTRONICS PUBLIC COMPANY LIMITED
60,HEMRAJ,HEMARAJ LAND AND DEV. DEAD - DELIST.02/03/16,HEMRAJ,HEMRAJ,SET,Property & Construction,Property Development,HEMARAJ LAND AND DEV. DEAD - DELIST.02/03/16 Delisted Mar 2016. Become part of WHA. HEMRAJ.BK^C16 Delisted
61,HMPRO,HOME PRODUCT CENTER,HMPRO,HMPRO,SET,Services,Commerce,HOME PRODUCT CENTER PUBLIC COMPANY LIMITED
62,ICHI,ICHITAN GROUP,ICHI,ICHI,SET,Agro & Food Industry,Food & Beverage,ICHITAN GROUP PUBLIC COMPANY LIMITED
63,IFEC,INTER FAR EAST ENGR. SUSP - SUSP.01/08/19,IFEC,IFEC,SET,Resources,Energy & Utilities,INTER FAR EAST ENGR. SUSP - SUSP.01/08/19 SP  Trading Suspension since May 2018.
64,INTUCH,INTOUCH HOLDINGS,INTUCH,INTUCH,SET,Technology,Information & Communication Technology,INTOUCH HOLDINGS PUBLIC COMPANY LIMITED
65,IRPC,IRPC,IRPC,IRPC,SET,Resources,Energy & Utilities,IRPC PUBLIC COMPANY LIMITED
66,ITD,ITALIAN-THAI DEVELOPMENT,ITD,ITD,SET,Property & Construction,Construction Services,ITALIAN-THAI DEVELOPMENT PUBLIC COMPANY LIMITED
67,IVL,INDORAMA VENTURES,IVL,IVL,SET,Industrials,Petrochemicals & Chemicals,INDORAMA VENTURES PUBLIC COMPANY LIMITED
68,JAS,JASMINE INTERNATIONAL,JAS,JAS,SET,Technology,Information & Communication Technology,JASMINE INTERNATIONAL PUBLIC COMPANY LIMITED
69,JMART,JAY MART,JMART,JMART,SET,Technology,Information & Communication Technology,JAY MART PUBLIC COMPANY LIMITED
70,JMT,JMT NETWORK SERVICES,JMT,JMT,SET,Financials,Finance & Securities,JMT NETWORK SERVICES PUBLIC COMPANY LIMITED
71,JWD,JWD INFOLOGISTICS,JWD,JWD,SET,Services,Transportation & Logistics,JWD INFOLOGISTICS PUBLIC COMPANY LIMITED
72,KAMART,KARMARTS,KAMART,KAMART,SET,Services,Commerce,KARMARTS PUBLIC COMPANY LIMITED
73,KBANK,KASIKORNBANK,KBANK,KBANK,SET,Financials,Banking,KASIKORNBANK PUBLIC COMPANY LIMITED
74,KCE,KCE ELECTRONICS,KCE,KCE,SET,Technology,Electronic Components,KCE ELECTRONICS PUBLIC COMPANY LIMITED
75,KKP,KIATNAKIN PHATRA BANK,KKP,KKP,SET,Financials,Banking,KIATNAKIN PHATRA BANK PUBLIC COMPANY LIMITED
76,KTB,KRUNG THAI BANK,KTB,KTB,SET,Financials,Banking,KRUNG THAI BANK PUBLIC COMPANY LIMITED
77,KTC,KRUNGTHAI CARD,KTC,KTC,SET,Financials,Finance & Securities,KRUNGTHAI CARD PUBLIC COMPANY LIMITED
78,KTIS,KASET THAI INTERNATIONAL SUG.,KTIS,KTIS,SET,Agro & Food Industry,Food & Beverage,KASET THAI INTERNATIONAL SUGAR CORPORATION PUBLIC COMPANY LIMITED
79,LH,LAND AND HOUSES,LH,LH,SET,Property & Construction,Property Development,LAND AND HOUSES PUBLIC COMPANY LIMITED
80,LHBANK,LH FINANCIAL GP.,LHBANK,LHBANK,SET,Financials,Banking,Change symbol to LHFG.
81,LOXLEY,LOXLEY,LOXLEY,LOXLEY,SET,Services,Commerce,LOXLEY PUBLIC COMPANY LIMITED
82,LPN,LPN DEVELOPMENT,LPN,LPN,SET,Property & Construction,Property Development,L.P.N. DEVELOPMENT PUBLIC COMPANY LIMITED
83,M,MK RESTAURANT GROUP,M,M,SET,Agro & Food Industry,Food & Beverage,MK RESTAURANT GROUP PUBLIC COMPANY LIMITED
84,MAJOR,MAJOR CINEPLEX GROUP,MAJOR,MAJOR,SET,Services,Media & Publishing,MAJOR CINEPLEX GROUP PUBLIC COMPANY LIMITED
85,MALEE,MALEE GROUP,MALEE,MALEE,SET,Agro & Food Industry,Food & Beverage,MALEE GROUP PUBLIC COMPANY LIMITED
86,MBK,MBK,MBK,MBK,SET,Property & Construction,Property Development,MBK PUBLIC COMPANY LIMITED
87,MC,MC GROUP,MC,MC,SET,Services,Commerce,MC GROUP PUBLIC COMPANY LIMITED
88,MEGA,MEGA LIFESCIENCES,MEGA,MEGA,SET,Services,Commerce,MEGA LIFESCIENCES PUBLIC COMPANY LIMITED
89,MINT,MINOR INTERNATIONAL,MINT,MINT,SET,Agro & Food Industry,Food & Beverage,MINOR INTERNATIONAL PUBLIC COMPANY LIMITED
90,MONO,MONO NEXT,MONO,MONO,SET,Services,Media & Publishing,MONO NEXT PUBLIC COMPANY LIMITED
91,MTLS,MUANGTHAI CAPITAL ORS,MTLS,MTLS,SET,Financials,Finance & Securities,Change symbol to MTC in 2018.
92,NOK,NOK AIRLINES,NOK,NOK,SET,Services,Transportation & Logistics,NOK AIRLINES PUBLIC COMPANY LIMITED
93,ORI,ORIGIN PROPERTY,ORI,ORI,SET,Property & Construction,Property Development,ORIGIN PROPERTY PUBLIC COMPANY LIMITED
94,OSP,OSOTSPA,OSP,OSP,SET,Agro & Food Industry,Food & Beverage,OSOTSPA PUBLIC COMPANY LIMITED
95,PLANB,PLAN B MEDIA,PLANB,PLANB,SET,Services,Media & Publishing,PLAN B MEDIA PUBLIC COMPANY LIMITED
96,PLAT,THE PLATINUM GROUP,PLAT,PLAT,SET,Property & Construction,Property Development,THE PLATINUM GROUP PUBLIC COMPANY LIMITED
97,PRM,PRIMA MARINE,PRM,PRM,SET,Services,Transportation & Logistics,PRIMA MARINE PUBLIC COMPANY LIMITED
98,PSH,PRUKSA HOLDING,PSH,PSH,SET,Property & Construction,Property Development,PRUKSA HOLDING PUBLIC COMPANY LIMITED
99,PSL,PRECIOUS SHIPPING,PSL,PSL,SET,Services,Transportation & Logistics,PRECIOUS SHIPPING PUBLIC COMPANY LIMITED
100,PTG,PTG ENERGY,PTG,PTG,SET,Resources,Energy & Utilities,PTG ENERGY PUBLIC COMPANY LIMITED
101,PTL,POLYPLEX (THAILAND),PTL,PTL,SET,Industrials,Packaging,POLYPLEX (THAILAND) PUBLIC COMPANY LIMITED
102,PTT,PTT,PTT,PTT,SET,Resources,Energy & Utilities,PTT PUBLIC COMPANY LIMITED
103,PTTEP,PTT EXPLORATION & PRDN.,PTTEP,PTTEP,SET,Resources,Energy & Utilities,PTT EXPLORATION AND PRODUCTION PUBLIC COMPANY LIMITED
104,PTTGC,PTT GLOBAL CHEMICAL,PTTGC,PTTGC,SET,Industrials,Petrochemicals & Chemicals,PTT GLOBAL CHEMICAL PUBLIC COMPANY LIMITED
105,QH,QUALITY HOUSES,QH,QH,SET,Property & Construction,Property Development,QUALITY HOUSES PUBLIC COMPANY LIMITED
106,RATCH,RATCH GROUP PCL,RATCH,RATCH,SET,Resources,Energy & Utilities,RATCH GROUP PUBLIC COMPANY LIMITED
107,ROBINS,ROBINSON DEAD - DELIST.20/02/20,ROBINS,ROBINS,SET,Services,Commerce,ROBINSON DEAD - DELIST.20/02/20 Delisted Feb 2020. Become CRC. ROBINS.BK^B20 Delisted
108,RS,RS,RS,RS,SET,Services,Commerce,RS PUBLIC COMPANY LIMITED
109,S,SINGHA ESTATE,S,S,SET,Property & Construction,Property Development,SINGHA ESTATE PUBLIC COMPANY LIMITED
110,SAMART,SAMART,SAMART,SAMART,SET,Technology,Information & Communication Technology,SAMART CORPORATION PUBLIC COMPANY LIMITED
111,SAMTEL,SAMART TELCOMS,SAMTEL,SAMTEL,SET,Technology,Information & Communication Technology,SAMART TELCOMS PUBLIC COMPANY LIMITED
112,SAPPE,SAPPE,SAPPE,SAPPE,SET,Agro & Food Industry,Food & Beverage,SAPPE PUBLIC COMPANY LIMITED
113,SAWAD,SRISAWAD CORPORATION,SAWAD,SAWAD,SET,Financials,Finance & Securities,SRISAWAD CORPORATION PUBLIC COMPANY LIMITED
114,SCB,SIAM COMMERCIAL BANK,SCB,SCB,SET,Financials,Banking,THE SIAM COMMERCIAL BANK PUBLIC COMPANY LIMITED
115,SCC,SIAM CEMENT,SCC,SCC,SET,Property & Construction,Construction Materials,THE SIAM CEMENT PUBLIC COMPANY LIMITED
116,SCCC,SIAM CITY CEMENT,SCCC,SCCC,SET,Property & Construction,Construction Materials,SIAM CITY CEMENT PUBLIC COMPANY LIMITED
117,SCN,SCAN INTER,SCN,SCN,SET,Resources,Energy & Utilities,SCAN INTER PUBLIC COMPANY LIMITED
118,SF,SIAM FUTURE DEVELOPMENT,SF,SF,SET,Property & Construction,Property Development,SIAM FUTURE DEVELOPMENT PUBLIC COMPANY LIMITED
119,SGP,SIAMGAS AND PETROCHEM.,SGP,SGP,SET,Resources,Energy & Utilities,SIAMGAS AND PETROCHEMICALS PUBLIC COMPANY LIMITED
120,SIM,SAMART DIGITAL ORS,SIM,SIM,SET,Technology,Information & Communication Technology,SAMART i-Mobile Public Company Limited changed symbol to SDC on 12 Oct 2017.
121,SIRI,SANSIRI,SIRI,SIRI,SET,Property & Construction,Property Development,SANSIRI PUBLIC COMPANY LIMITED
122,SPALI,SUPALAI,SPALI,SPALI,SET,Property & Construction,Property Development,SUPALAI PUBLIC COMPANY LIMITED
123,SPCG,SPCG,SPCG,SPCG,SET,Resources,Energy & Utilities,SPCG PUBLIC COMPANY LIMITED
124,SPRC,STAR PTL.REFN.,SPRC,SPRC,SET,Resources,Energy & Utilities,STAR PETROLEUM REFINING PUBLIC COMPANY LIMITED
125,STA,SRI TRANG AGRO-INDUSTRY,STA,STA,SET,Agro & Food Industry,Agribusiness,SRI TRANG AGRO-INDUSTRY PUBLIC COMPANY LIMITED
126,STEC,SINO-THAI ENGR.CON.,STEC,STEC,SET,Property & Construction,Construction Services,"SINO-THAI ENGINEERING AND CONSTRUCTION PUBLIC CO.,LTD."
127,STPI,STP & I,STPI,STPI,SET,Property & Construction,Construction Services,STP&I PUBLIC COMPANY LIMITED
128,SUPER,SUPER ENERGY CORPORATION,SUPER,SUPER,SET,Resources,Energy & Utilities,SUPER ENERGY CORPORATION PUBLIC COMPANY LIMITED
129,SVI,SVI,SVI,SVI,SET,Technology,Electronic Components,SVI PUBLIC COMPANY LIMITED
130,TASCO,TIPCO ASPHALT,TASCO,TASCO,SET,Property & Construction,Construction Materials,TIPCO ASPHALT PUBLIC COMPANY LIMITED
131,TCAP,THANACHART CAPITAL,TCAP,TCAP,SET,Financials,Banking,THANACHART CAPITAL PUBLIC COMPANY LIMITED
132,THAI,THAI AIRWAYS INTL.,THAI,THAI,SET,Services,Transportation & Logistics,THAI AIRWAYS INTERNATIONAL PUBLIC COMPANY LIMITED
133,THANI,RATCHTHANI LEASING,THANI,THANI,SET,Financials,Finance & Securities,RATCHTHANI LEASING PUBLIC COMPANY LIMITED
134,THCOM,THAICOM,THCOM,THCOM,SET,Technology,Information & Communication Technology,THAICOM PUBLIC COMPANY LIMITED
135,THREL,THAIRE LIFE ASSURANCE,THREL,THREL,SET,Financials,Insurance,THAIRE LIFE ASSURANCE PUBLIC COMPANY LIMITED
136,TICON,FRASERS PROPERTY PUBLIC,TICON,TICON,SET,Property & Construction,Property Development,Become Fraser Property Thailand (FPT). Change symbol to FPT on 31 Jan 2019.
137,TISCO,TISCO FINANCIAL GROUP,TISCO,TISCO,SET,Financials,Banking,TISCO FINANCIAL GROUP PUBLIC COMPANY LIMITED
138,TKN,TAOKAENOI FOOD & MKTG.,TKN,TKN,SET,Agro & Food Industry,Food & Beverage,TAOKAENOI FOOD & MARKETING PUBLIC COMPANY LIMITED
139,TMB,TMB BANK,TMB,TMB,SET,Financials,Banking,TMB BANK PUBLIC COMPANY LIMITED
140,TOA,TOA PAINT THAILAND,TOA,TOA,SET,Property & Construction,Construction Materials,TOA PAINT (THAILAND) PUBLIC COMPANY LIMITED
141,TOP,THAI OIL,TOP,TOP,SET,Resources,Energy & Utilities,THAI OIL PUBLIC COMPANY LIMITED
142,TPIPL,TPI POLENE,TPIPL,TPIPL,SET,Property & Construction,Construction Materials,TPI POLENE PUBLIC COMPANY LIMITED
143,TPIPP,TPI POLENE POWER,TPIPP,TPIPP,SET,Resources,Energy & Utilities,TPI POLENE POWER PUBLIC COMPANY LIMITED
144,TRC,TRC CONSTRUCTION,TRC,TRC,SET,Property & Construction,Construction Services,TRC CONSTRUCTION PUBLIC COMPANY LIMITED
145,TRUE,TRUE CORPORATION,TRUE,TRUE,SET,Technology,Information & Communication Technology,TRUE CORPORATION PUBLIC COMPANY LIMITED
146,TTA,THAI COATING INDL.,TTA,TTA,SET,Services,Transportation & Logistics,THORESEN THAI AGENCIES PUBLIC COMPANY LIMITED
147,TTCL,TTCL,TTCL,TTCL,SET,Property & Construction,Construction Services,TTCL PUBLIC COMPANY LIMITED
148,TTW,THAI TAP WATER SUPPLY,TTW,TTW,SET,Resources,Energy & Utilities,TTW PUBLIC COMPANY LIMITED
149,TU,THAI UNION GROUP,TU,TU,SET,Agro & Food Industry,Food & Beverage,THAI UNION GROUP PUBLIC COMPANY LIMITED
150,TVO,THAI VEGETABLE OIL,TVO,TVO,SET,Agro & Food Industry,Food & Beverage,THAI VEGETABLE OIL PUBLIC COMPANY LIMITED
151,U,U CITY,U,U,SET,Property & Construction,Property Development,U CITY PUBLIC COMPANY LIMITED
152,UNIQ,UNIQUE ENGR.AND CON.,UNIQ,UNIQ,SET,Property & Construction,Construction Services,UNIQUE ENGINEERING AND CONSTRUCTION PUBLIC COMPANY LIMITED
153,UV,UNIVENTURES,UV,UV,SET,Property & Construction,Property Development,UNIVENTURES PUBLIC COMPANY LIMITED
154,VGI,VGI,VGI,VGI,SET,Services,Media & Publishing,VGI PUBLIC COMPANY LIMITED
155,VIBHA,VIBHAVADI MEDICAL,VIBHA,VIBHA,SET,Services,Health Care Services,VIBHAVADI MEDICAL CENTER PUBLIC COMPANY LIMITED
156,VNG,VANACHAI GROUP,VNG,VNG,SET,Property & Construction,Construction Materials,VANACHAI GROUP PUBLIC COMPANY LIMITED
157,WHA,WHA,WHA,WHA,SET,Property & Construction,Property Development,WHA CORPORATION PUBLIC COMPANY LIMITED
158,WHAUP,WHA UTILITIES AND POWER,WHAUP,WHAUP,SET,Resources,Energy & Utilities,WHA UTILITIES AND POWER PUBLIC COMPANY LIMITED
159,WORK,WORKPOINT ENTERTAINMENT,WORK,WORK,SET,Services,Media & Publishing,WORKPOINT ENTERTAINMENT PUBLIC COMPANY LIMITED
